date,budget,emails,reviewed,true_positives,available_malicious
08/01/2010,0.001,1344,2,0,0
08/01/2010,0.005,1344,7,0,0
08/01/2010,0.01,1344,14,0,0
08/02/2010,0.001,30514,31,0,0
08/02/2010,0.005,30514,153,0,0
08/02/2010,0.01,30514,306,0,0
08/03/2010,0.001,30530,31,0,0
08/03/2010,0.005,30530,153,0,0
08/03/2010,0.01,30530,306,0,0
08/04/2010,0.001,30619,31,0,0
08/04/2010,0.005,30619,154,0,0
08/04/2010,0.01,30619,307,0,0
08/05/2010,0.001,30596,31,0,0
08/05/2010,0.005,30596,153,0,0
08/05/2010,0.01,30596,306,0,0
08/06/2010,0.001,30623,31,0,0
08/06/2010,0.005,30623,154,0,0
08/06/2010,0.01,30623,307,0,0
08/07/2010,0.001,1411,2,0,0
08/07/2010,0.005,1411,8,0,0
08/07/2010,0.01,1411,15,0,0
08/08/2010,0.001,1570,2,0,0
08/08/2010,0.005,1570,8,0,0
08/08/2010,0.01,1570,16,0,0
08/09/2010,0.001,30470,31,0,0
08/09/2010,0.005,30470,153,0,0
08/09/2010,0.01,30470,305,0,0
08/10/2010,0.001,30503,31,0,0
08/10/2010,0.005,30503,153,0,0
08/10/2010,0.01,30503,306,0,0
08/11/2010,0.001,30548,31,0,0
08/11/2010,0.005,30548,153,0,0
08/11/2010,0.01,30548,306,0,0
08/12/2010,0.001,30580,31,0,8
08/12/2010,0.005,30580,153,0,8
08/12/2010,0.01,30580,306,0,8
08/13/2010,0.001,30453,31,1,1
08/13/2010,0.005,30453,153,1,1
08/13/2010,0.01,30453,305,1,1
08/14/2010,0.001,1569,2,0,0
08/14/2010,0.005,1569,8,0,0
08/14/2010,0.01,1569,16,0,0
08/15/2010,0.001,1658,2,0,4
08/15/2010,0.005,1658,9,0,4
08/15/2010,0.01,1658,17,0,4
08/16/2010,0.001,30475,31,0,10
08/16/2010,0.005,30475,153,0,10
08/16/2010,0.01,30475,305,0,10
08/17/2010,0.001,30338,31,0,28
08/17/2010,0.005,30338,152,0,28
08/17/2010,0.01,30338,304,0,28
08/18/2010,0.001,30452,31,0,1
08/18/2010,0.005,30452,153,0,1
08/18/2010,0.01,30452,305,0,1
08/19/2010,0.001,30447,31,0,0
08/19/2010,0.005,30447,153,0,0
08/19/2010,0.01,30447,305,0,0
08/20/2010,0.001,30437,31,0,0
08/20/2010,0.005,30437,153,0,0
08/20/2010,0.01,30437,305,0,0
08/21/2010,0.001,1538,2,0,0
08/21/2010,0.005,1538,8,0,0
08/21/2010,0.01,1538,16,0,0
08/22/2010,0.001,1434,2,0,0
08/22/2010,0.005,1434,8,0,0
08/22/2010,0.01,1434,15,0,0
08/23/2010,0.001,30467,31,0,0
08/23/2010,0.005,30467,153,0,0
08/23/2010,0.01,30467,305,0,0
08/24/2010,0.001,30413,31,0,0
08/24/2010,0.005,30413,153,0,0
08/24/2010,0.01,30413,305,0,0
08/25/2010,0.001,30383,31,0,0
08/25/2010,0.005,30383,152,0,0
08/25/2010,0.01,30383,304,0,0
08/26/2010,0.001,30405,31,0,0
08/26/2010,0.005,30405,153,0,0
08/26/2010,0.01,30405,305,0,0
08/27/2010,0.001,30309,31,0,0
08/27/2010,0.005,30309,152,0,0
08/27/2010,0.01,30309,304,0,0
08/28/2010,0.001,1391,2,0,0
08/28/2010,0.005,1391,7,0,0
08/28/2010,0.01,1391,14,0,0
08/29/2010,0.001,1574,2,0,0
08/29/2010,0.005,1574,8,0,0
08/29/2010,0.01,1574,16,0,0
08/30/2010,0.001,30487,31,0,0
08/30/2010,0.005,30487,153,0,0
08/30/2010,0.01,30487,305,0,0
08/31/2010,0.001,30395,31,0,0
08/31/2010,0.005,30395,152,0,0
08/31/2010,0.01,30395,304,0,0
09/01/2010,0.001,30348,31,0,0
09/01/2010,0.005,30348,152,0,0
09/01/2010,0.01,30348,304,0,0
09/02/2010,0.001,30519,31,0,0
09/02/2010,0.005,30519,153,0,0
09/02/2010,0.01,30519,306,0,0
09/03/2010,0.001,30505,31,0,0
09/03/2010,0.005,30505,153,0,0
09/03/2010,0.01,30505,306,0,0
09/04/2010,0.001,1492,2,0,0
09/04/2010,0.005,1492,8,0,0
09/04/2010,0.01,1492,15,0,0
09/05/2010,0.001,1569,2,0,0
09/05/2010,0.005,1569,8,0,0
09/05/2010,0.01,1569,16,0,0
09/06/2010,0.001,1281,2,0,0
09/06/2010,0.005,1281,7,0,0
09/06/2010,0.01,1281,13,0,0
09/07/2010,0.001,30448,31,0,0
09/07/2010,0.005,30448,153,0,0
09/07/2010,0.01,30448,305,0,0
09/08/2010,0.001,30381,31,0,0
09/08/2010,0.005,30381,152,0,0
09/08/2010,0.01,30381,304,0,0
09/09/2010,0.001,30309,31,0,0
09/09/2010,0.005,30309,152,0,0
09/09/2010,0.01,30309,304,0,0
09/10/2010,0.001,30143,31,0,0
09/10/2010,0.005,30143,151,0,0
09/10/2010,0.01,30143,302,0,0
09/11/2010,0.001,1425,2,0,0
09/11/2010,0.005,1425,8,0,0
09/11/2010,0.01,1425,15,0,0
09/12/2010,0.001,1596,2,0,0
09/12/2010,0.005,1596,8,0,0
09/12/2010,0.01,1596,16,0,0
09/13/2010,0.001,30527,31,0,0
09/13/2010,0.005,30527,153,0,0
09/13/2010,0.01,30527,306,0,0
09/14/2010,0.001,30330,31,0,0
09/14/2010,0.005,30330,152,0,0
09/14/2010,0.01,30330,304,0,0
09/15/2010,0.001,30263,31,0,0
09/15/2010,0.005,30263,152,0,0
09/15/2010,0.01,30263,303,0,0
09/16/2010,0.001,30464,31,0,0
09/16/2010,0.005,30464,153,0,0
09/16/2010,0.01,30464,305,0,0
09/17/2010,0.001,30247,31,0,0
09/17/2010,0.005,30247,152,0,0
09/17/2010,0.01,30247,303,0,0
09/18/2010,0.001,1473,2,0,0
09/18/2010,0.005,1473,8,0,0
09/18/2010,0.01,1473,15,0,0
09/19/2010,0.001,1402,2,0,0
09/19/2010,0.005,1402,8,0,0
09/19/2010,0.01,1402,15,0,0
09/20/2010,0.001,30252,31,0,0
09/20/2010,0.005,30252,152,0,0
09/20/2010,0.01,30252,303,0,0
09/21/2010,0.001,30182,31,0,0
09/21/2010,0.005,30182,151,0,0
09/21/2010,0.01,30182,302,0,0
09/22/2010,0.001,30107,31,0,0
09/22/2010,0.005,30107,151,0,0
09/22/2010,0.01,30107,302,0,0
09/23/2010,0.001,30281,31,0,0
09/23/2010,0.005,30281,152,0,0
09/23/2010,0.01,30281,303,0,0
09/24/2010,0.001,30202,31,0,0
09/24/2010,0.005,30202,152,0,0
09/24/2010,0.01,30202,303,0,0
09/25/2010,0.001,1512,2,0,0
09/25/2010,0.005,1512,8,0,0
09/25/2010,0.01,1512,16,0,0
09/26/2010,0.001,1510,2,0,0
09/26/2010,0.005,1510,8,0,0
09/26/2010,0.01,1510,16,0,0
09/27/2010,0.001,30150,31,0,0
09/27/2010,0.005,30150,151,0,0
09/27/2010,0.01,30150,302,0,0
09/28/2010,0.001,30185,31,0,0
09/28/2010,0.005,30185,151,0,0
09/28/2010,0.01,30185,302,0,0
09/29/2010,0.001,30270,31,0,0
09/29/2010,0.005,30270,152,0,0
09/29/2010,0.01,30270,303,0,0
09/30/2010,0.001,30263,31,0,0
09/30/2010,0.005,30263,152,0,0
09/30/2010,0.01,30263,303,0,0
10/01/2010,0.001,30318,31,0,0
10/01/2010,0.005,30318,152,0,0
10/01/2010,0.01,30318,304,0,0
10/02/2010,0.001,1398,2,0,0
10/02/2010,0.005,1398,7,0,0
10/02/2010,0.01,1398,14,0,0
10/03/2010,0.001,1460,2,0,0
10/03/2010,0.005,1460,8,0,0
10/03/2010,0.01,1460,15,0,0
10/04/2010,0.001,30249,31,0,0
10/04/2010,0.005,30249,152,0,0
10/04/2010,0.01,30249,303,0,0
10/05/2010,0.001,30135,31,0,0
10/05/2010,0.005,30135,151,0,0
10/05/2010,0.01,30135,302,0,0
10/06/2010,0.001,30174,31,0,0
10/06/2010,0.005,30174,151,0,0
10/06/2010,0.01,30174,302,0,0
10/07/2010,0.001,30247,31,0,0
10/07/2010,0.005,30247,152,0,0
10/07/2010,0.01,30247,303,0,0
10/08/2010,0.001,30060,31,0,0
10/08/2010,0.005,30060,151,0,0
10/08/2010,0.01,30060,301,0,0
10/09/2010,0.001,1462,2,0,0
10/09/2010,0.005,1462,8,0,0
10/09/2010,0.01,1462,15,0,0
10/10/2010,0.001,1493,2,0,0
10/10/2010,0.005,1493,8,0,0
10/10/2010,0.01,1493,15,0,0
10/11/2010,0.001,30063,31,0,0
10/11/2010,0.005,30063,151,0,0
10/11/2010,0.01,30063,301,0,0
10/12/2010,0.001,30142,31,0,0
10/12/2010,0.005,30142,151,0,0
10/12/2010,0.01,30142,302,0,0
10/13/2010,0.001,30054,31,0,0
10/13/2010,0.005,30054,151,0,0
10/13/2010,0.01,30054,301,0,0
10/14/2010,0.001,30045,31,0,0
10/14/2010,0.005,30045,151,0,0
10/14/2010,0.01,30045,301,0,0
10/15/2010,0.001,30154,31,0,0
10/15/2010,0.005,30154,151,0,0
10/15/2010,0.01,30154,302,0,0
10/16/2010,0.001,1432,2,0,0
10/16/2010,0.005,1432,8,0,0
10/16/2010,0.01,1432,15,0,0
10/17/2010,0.001,1672,2,0,0
10/17/2010,0.005,1672,9,0,0
10/17/2010,0.01,1672,17,0,0
10/18/2010,0.001,30009,31,0,0
10/18/2010,0.005,30009,151,0,0
10/18/2010,0.01,30009,301,0,0
10/19/2010,0.001,30054,31,0,0
10/19/2010,0.005,30054,151,0,0
10/19/2010,0.01,30054,301,0,0
10/20/2010,0.001,30151,31,0,0
10/20/2010,0.005,30151,151,0,0
10/20/2010,0.01,30151,302,0,0
10/21/2010,0.001,29985,30,0,0
10/21/2010,0.005,29985,150,0,0
10/21/2010,0.01,29985,300,0,0
10/22/2010,0.001,30012,31,0,0
10/22/2010,0.005,30012,151,0,0
10/22/2010,0.01,30012,301,0,0
10/23/2010,0.001,1412,2,0,0
10/23/2010,0.005,1412,8,0,0
10/23/2010,0.01,1412,15,0,0
10/24/2010,0.001,1382,2,0,0
10/24/2010,0.005,1382,7,0,0
10/24/2010,0.01,1382,14,0,0
10/25/2010,0.001,29949,30,0,0
10/25/2010,0.005,29949,150,0,0
10/25/2010,0.01,29949,300,0,0
10/26/2010,0.001,30005,31,0,0
10/26/2010,0.005,30005,151,0,0
10/26/2010,0.01,30005,301,0,0
10/27/2010,0.001,30089,31,0,0
10/27/2010,0.005,30089,151,0,0
10/27/2010,0.01,30089,301,0,0
10/28/2010,0.001,29879,30,0,0
10/28/2010,0.005,29879,150,0,0
10/28/2010,0.01,29879,299,0,0
10/29/2010,0.001,29881,30,0,0
10/29/2010,0.005,29881,150,0,0
10/29/2010,0.01,29881,299,0,0
10/30/2010,0.001,1409,2,0,0
10/30/2010,0.005,1409,8,0,0
10/30/2010,0.01,1409,15,0,0
10/31/2010,0.001,1373,2,0,0
10/31/2010,0.005,1373,7,0,0
10/31/2010,0.01,1373,14,0,0
11/01/2010,0.001,30027,31,0,0
11/01/2010,0.005,30027,151,0,0
11/01/2010,0.01,30027,301,0,0
11/02/2010,0.001,30016,31,0,0
11/02/2010,0.005,30016,151,0,0
11/02/2010,0.01,30016,301,0,0
11/03/2010,0.001,29918,30,0,0
11/03/2010,0.005,29918,150,0,0
11/03/2010,0.01,29918,300,0,0
11/04/2010,0.001,29947,30,0,0
11/04/2010,0.005,29947,150,0,0
11/04/2010,0.01,29947,300,0,0
11/05/2010,0.001,29990,30,0,0
11/05/2010,0.005,29990,150,0,0
11/05/2010,0.01,29990,300,0,0
11/06/2010,0.001,1510,2,0,0
11/06/2010,0.005,1510,8,0,0
11/06/2010,0.01,1510,16,0,0
11/07/2010,0.001,1356,2,0,0
11/07/2010,0.005,1356,7,0,0
11/07/2010,0.01,1356,14,0,0
11/08/2010,0.001,30039,31,0,0
11/08/2010,0.005,30039,151,0,0
11/08/2010,0.01,30039,301,0,0
11/09/2010,0.001,29989,30,0,0
11/09/2010,0.005,29989,150,0,0
11/09/2010,0.01,29989,300,0,0
11/10/2010,0.001,29944,30,0,0
11/10/2010,0.005,29944,150,0,0
11/10/2010,0.01,29944,300,0,0
11/11/2010,0.001,29806,30,0,0
11/11/2010,0.005,29806,150,0,0
11/11/2010,0.01,29806,299,0,0
11/12/2010,0.001,29946,30,0,0
11/12/2010,0.005,29946,150,0,0
11/12/2010,0.01,29946,300,0,0
11/13/2010,0.001,1640,2,0,0
11/13/2010,0.005,1640,9,0,0
11/13/2010,0.01,1640,17,0,0
11/14/2010,0.001,1492,2,0,0
11/14/2010,0.005,1492,8,0,0
11/14/2010,0.01,1492,15,0,0
11/15/2010,0.001,29948,30,0,0
11/15/2010,0.005,29948,150,0,0
11/15/2010,0.01,29948,300,0,0
11/16/2010,0.001,29839,30,0,0
11/16/2010,0.005,29839,150,0,0
11/16/2010,0.01,29839,299,0,0
11/17/2010,0.001,29914,30,0,0
11/17/2010,0.005,29914,150,0,0
11/17/2010,0.01,29914,300,0,0
11/18/2010,0.001,29904,30,0,0
11/18/2010,0.005,29904,150,0,0
11/18/2010,0.01,29904,300,0,0
11/19/2010,0.001,29788,30,0,0
11/19/2010,0.005,29788,149,0,0
11/19/2010,0.01,29788,298,0,0
11/20/2010,0.001,1552,2,0,0
11/20/2010,0.005,1552,8,0,0
11/20/2010,0.01,1552,16,0,0
11/21/2010,0.001,1541,2,0,0
11/21/2010,0.005,1541,8,0,0
11/21/2010,0.01,1541,16,0,0
11/22/2010,0.001,29760,30,0,0
11/22/2010,0.005,29760,149,0,0
11/22/2010,0.01,29760,298,0,0
11/23/2010,0.001,29830,30,0,0
11/23/2010,0.005,29830,150,0,0
11/23/2010,0.01,29830,299,0,0
11/24/2010,0.001,29770,30,0,0
11/24/2010,0.005,29770,149,0,0
11/24/2010,0.01,29770,298,0,0
11/25/2010,0.001,1209,2,0,0
11/25/2010,0.005,1209,7,0,0
11/25/2010,0.01,1209,13,0,0
11/26/2010,0.001,1582,2,0,0
11/26/2010,0.005,1582,8,0,0
11/26/2010,0.01,1582,16,0,0
11/27/2010,0.001,1402,2,0,0
11/27/2010,0.005,1402,8,0,0
11/27/2010,0.01,1402,15,0,0
11/28/2010,0.001,1458,2,0,0
11/28/2010,0.005,1458,8,0,0
11/28/2010,0.01,1458,15,0,0
11/29/2010,0.001,29685,30,0,0
11/29/2010,0.005,29685,149,0,0
11/29/2010,0.01,29685,297,0,0
11/30/2010,0.001,29694,30,0,0
11/30/2010,0.005,29694,149,0,0
11/30/2010,0.01,29694,297,0,0
12/01/2010,0.001,29742,30,0,0
12/01/2010,0.005,29742,149,0,0
12/01/2010,0.01,29742,298,0,0
12/02/2010,0.001,29741,30,0,0
12/02/2010,0.005,29741,149,0,0
12/02/2010,0.01,29741,298,0,0
12/03/2010,0.001,29672,30,0,0
12/03/2010,0.005,29672,149,0,0
12/03/2010,0.01,29672,297,0,0
12/04/2010,0.001,1395,2,0,0
12/04/2010,0.005,1395,7,0,0
12/04/2010,0.01,1395,14,0,0
12/05/2010,0.001,1480,2,0,0
12/05/2010,0.005,1480,8,0,0
12/05/2010,0.01,1480,15,0,0
12/06/2010,0.001,29701,30,0,0
12/06/2010,0.005,29701,149,0,0
12/06/2010,0.01,29701,298,0,0
12/07/2010,0.001,29701,30,0,0
12/07/2010,0.005,29701,149,0,0
12/07/2010,0.01,29701,298,0,0
12/08/2010,0.001,29777,30,0,0
12/08/2010,0.005,29777,149,0,0
12/08/2010,0.01,29777,298,0,0
12/09/2010,0.001,29606,30,0,0
12/09/2010,0.005,29606,149,0,0
12/09/2010,0.01,29606,297,0,0
12/10/2010,0.001,29678,30,0,0
12/10/2010,0.005,29678,149,0,0
12/10/2010,0.01,29678,297,0,0
12/11/2010,0.001,1579,2,0,0
12/11/2010,0.005,1579,8,0,0
12/11/2010,0.01,1579,16,0,0
12/12/2010,0.001,1520,2,0,0
12/12/2010,0.005,1520,8,0,0
12/12/2010,0.01,1520,16,0,0
12/13/2010,0.001,29727,30,0,0
12/13/2010,0.005,29727,149,0,0
12/13/2010,0.01,29727,298,0,0
12/14/2010,0.001,29650,30,0,0
12/14/2010,0.005,29650,149,0,0
12/14/2010,0.01,29650,297,0,0
12/15/2010,0.001,29637,30,0,0
12/15/2010,0.005,29637,149,0,0
12/15/2010,0.01,29637,297,0,0
12/16/2010,0.001,29597,30,0,0
12/16/2010,0.005,29597,148,0,0
12/16/2010,0.01,29597,296,0,0
12/17/2010,0.001,29583,30,0,0
12/17/2010,0.005,29583,148,0,0
12/17/2010,0.01,29583,296,0,0
12/18/2010,0.001,1372,2,0,0
12/18/2010,0.005,1372,7,0,0
12/18/2010,0.01,1372,14,0,0
12/19/2010,0.001,1401,2,0,0
12/19/2010,0.005,1401,8,0,0
12/19/2010,0.01,1401,15,0,0
12/20/2010,0.001,29536,30,0,0
12/20/2010,0.005,29536,148,0,0
12/20/2010,0.01,29536,296,0,0
12/21/2010,0.001,29603,30,0,0
12/21/2010,0.005,29603,149,0,0
12/21/2010,0.01,29603,297,0,0
12/22/2010,0.001,29641,30,0,0
12/22/2010,0.005,29641,149,0,0
12/22/2010,0.01,29641,297,0,0
12/23/2010,0.001,1291,2,0,0
12/23/2010,0.005,1291,7,0,0
12/23/2010,0.01,1291,13,0,0
12/24/2010,0.001,1239,2,0,0
12/24/2010,0.005,1239,7,0,0
12/24/2010,0.01,1239,13,0,0
12/25/2010,0.001,1570,2,0,0
12/25/2010,0.005,1570,8,0,0
12/25/2010,0.01,1570,16,0,0
12/26/2010,0.001,1589,2,0,0
12/26/2010,0.005,1589,8,0,0
12/26/2010,0.01,1589,16,0,0
12/27/2010,0.001,29623,30,0,0
12/27/2010,0.005,29623,149,0,0
12/27/2010,0.01,29623,297,0,0
12/28/2010,0.001,29647,30,0,0
12/28/2010,0.005,29647,149,0,0
12/28/2010,0.01,29647,297,0,0
12/29/2010,0.001,29529,30,0,0
12/29/2010,0.005,29529,148,0,0
12/29/2010,0.01,29529,296,0,0
12/30/2010,0.001,29659,30,0,0
12/30/2010,0.005,29659,149,0,0
12/30/2010,0.01,29659,297,0,0
12/31/2010,0.001,1426,2,0,0
12/31/2010,0.005,1426,8,0,0
12/31/2010,0.01,1426,15,0,0
01/01/2011,0.001,1480,2,0,0
01/01/2011,0.005,1480,8,0,0
01/01/2011,0.01,1480,15,0,0
01/02/2011,0.001,1397,2,0,0
01/02/2011,0.005,1397,7,0,0
01/02/2011,0.01,1397,14,0,0
01/03/2011,0.001,29517,30,0,0
01/03/2011,0.005,29517,148,0,0
01/03/2011,0.01,29517,296,0,0
01/04/2011,0.001,29635,30,0,0
01/04/2011,0.005,29635,149,0,0
01/04/2011,0.01,29635,297,0,0
01/05/2011,0.001,29482,30,0,0
01/05/2011,0.005,29482,148,0,0
01/05/2011,0.01,29482,295,0,0
01/06/2011,0.001,29373,30,0,0
01/06/2011,0.005,29373,147,0,0
01/06/2011,0.01,29373,294,0,0
01/07/2011,0.001,29449,30,0,0
01/07/2011,0.005,29449,148,0,0
01/07/2011,0.01,29449,295,0,0
01/08/2011,0.001,1491,2,0,0
01/08/2011,0.005,1491,8,0,0
01/08/2011,0.01,1491,15,0,0
01/09/2011,0.001,1598,2,0,0
01/09/2011,0.005,1598,8,0,0
01/09/2011,0.01,1598,16,0,0
01/10/2011,0.001,29650,30,0,0
01/10/2011,0.005,29650,149,0,0
01/10/2011,0.01,29650,297,0,0
01/11/2011,0.001,29498,30,0,0
01/11/2011,0.005,29498,148,0,0
01/11/2011,0.01,29498,295,0,0
01/12/2011,0.001,29480,30,0,0
01/12/2011,0.005,29480,148,0,0
01/12/2011,0.01,29480,295,0,0
01/13/2011,0.001,29341,30,0,0
01/13/2011,0.005,29341,147,0,0
01/13/2011,0.01,29341,294,0,0
01/14/2011,0.001,29403,30,0,0
01/14/2011,0.005,29403,148,0,0
01/14/2011,0.01,29403,295,0,0
01/15/2011,0.001,1554,2,0,0
01/15/2011,0.005,1554,8,0,0
01/15/2011,0.01,1554,16,0,0
01/16/2011,0.001,1359,2,0,0
01/16/2011,0.005,1359,7,0,0
01/16/2011,0.01,1359,14,0,0
01/17/2011,0.001,29385,30,0,0
01/17/2011,0.005,29385,147,0,0
01/17/2011,0.01,29385,294,0,0
01/18/2011,0.001,29406,30,0,0
01/18/2011,0.005,29406,148,0,0
01/18/2011,0.01,29406,295,0,0
01/19/2011,0.001,29423,30,0,0
01/19/2011,0.005,29423,148,0,0
01/19/2011,0.01,29423,295,0,0
01/20/2011,0.001,29603,30,0,0
01/20/2011,0.005,29603,149,0,0
01/20/2011,0.01,29603,297,0,0
01/21/2011,0.001,29373,30,0,0
01/21/2011,0.005,29373,147,0,0
01/21/2011,0.01,29373,294,0,0
01/22/2011,0.001,1529,2,0,0
01/22/2011,0.005,1529,8,0,0
01/22/2011,0.01,1529,16,0,0
01/23/2011,0.001,1572,2,0,0
01/23/2011,0.005,1572,8,0,0
01/23/2011,0.01,1572,16,0,0
01/24/2011,0.001,29491,30,0,0
01/24/2011,0.005,29491,148,0,0
01/24/2011,0.01,29491,295,0,0
01/25/2011,0.001,29449,30,0,0
01/25/2011,0.005,29449,148,0,0
01/25/2011,0.01,29449,295,0,0
01/26/2011,0.001,29238,30,0,0
01/26/2011,0.005,29238,147,0,0
01/26/2011,0.01,29238,293,0,0
01/27/2011,0.001,29419,30,0,0
01/27/2011,0.005,29419,148,0,0
01/27/2011,0.01,29419,295,0,0
01/28/2011,0.001,29465,30,0,0
01/28/2011,0.005,29465,148,0,0
01/28/2011,0.01,29465,295,0,0
01/29/2011,0.001,1359,2,0,0
01/29/2011,0.005,1359,7,0,0
01/29/2011,0.01,1359,14,0,0
01/30/2011,0.001,1382,2,0,0
01/30/2011,0.005,1382,7,0,0
01/30/2011,0.01,1382,14,0,0
01/31/2011,0.001,29394,30,0,0
01/31/2011,0.005,29394,147,0,0
01/31/2011,0.01,29394,294,0,0
02/01/2011,0.001,29484,30,0,0
02/01/2011,0.005,29484,148,0,0
02/01/2011,0.01,29484,295,0,0
02/02/2011,0.001,29374,30,0,0
02/02/2011,0.005,29374,147,0,0
02/02/2011,0.01,29374,294,0,0
02/03/2011,0.001,29482,30,0,0
02/03/2011,0.005,29482,148,0,0
02/03/2011,0.01,29482,295,0,0
02/04/2011,0.001,29405,30,0,0
02/04/2011,0.005,29405,148,0,0
02/04/2011,0.01,29405,295,0,0
02/05/2011,0.001,1353,2,0,0
02/05/2011,0.005,1353,7,0,0
02/05/2011,0.01,1353,14,0,0
02/06/2011,0.001,1406,2,0,0
02/06/2011,0.005,1406,8,0,0
02/06/2011,0.01,1406,15,0,0
02/07/2011,0.001,29382,30,0,2
02/07/2011,0.005,29382,147,0,2
02/07/2011,0.01,29382,294,0,2
02/08/2011,0.001,29323,30,0,0
02/08/2011,0.005,29323,147,0,0
02/08/2011,0.01,29323,294,0,0
02/09/2011,0.001,29347,30,0,0
02/09/2011,0.005,29347,147,0,0
02/09/2011,0.01,29347,294,0,0
02/10/2011,0.001,29274,30,0,0
02/10/2011,0.005,29274,147,0,0
02/10/2011,0.01,29274,293,0,0
02/11/2011,0.001,29396,30,0,0
02/11/2011,0.005,29396,147,0,0
02/11/2011,0.01,29396,294,0,0
02/12/2011,0.001,1414,2,0,0
02/12/2011,0.005,1414,8,0,0
02/12/2011,0.01,1414,15,0,0
02/13/2011,0.001,1374,2,0,0
02/13/2011,0.005,1374,7,0,0
02/13/2011,0.01,1374,14,0,0
02/14/2011,0.001,29344,30,0,0
02/14/2011,0.005,29344,147,0,0
02/14/2011,0.01,29344,294,0,0
02/15/2011,0.001,29342,30,0,1
02/15/2011,0.005,29342,147,0,1
02/15/2011,0.01,29342,294,0,1
02/16/2011,0.001,29322,30,0,0
02/16/2011,0.005,29322,147,0,0
02/16/2011,0.01,29322,294,0,0
02/17/2011,0.001,29315,30,0,0
02/17/2011,0.005,29315,147,0,0
02/17/2011,0.01,29315,294,0,0
02/18/2011,0.001,29289,30,0,3
02/18/2011,0.005,29289,147,0,3
02/18/2011,0.01,29289,293,0,3
02/19/2011,0.001,1564,2,0,0
02/19/2011,0.005,1564,8,0,0
02/19/2011,0.01,1564,16,0,0
02/20/2011,0.001,1443,2,0,0
02/20/2011,0.005,1443,8,0,0
02/20/2011,0.01,1443,15,0,0
02/21/2011,0.001,29409,30,0,4
02/21/2011,0.005,29409,148,0,4
02/21/2011,0.01,29409,295,0,4
02/22/2011,0.001,29382,30,0,2
02/22/2011,0.005,29382,147,0,2
02/22/2011,0.01,29382,294,0,2
02/23/2011,0.001,29247,30,0,0
02/23/2011,0.005,29247,147,0,0
02/23/2011,0.01,29247,293,0,0
02/24/2011,0.001,29276,30,0,3
02/24/2011,0.005,29276,147,0,3
02/24/2011,0.01,29276,293,0,3
02/25/2011,0.001,29206,30,0,0
02/25/2011,0.005,29206,147,0,0
02/25/2011,0.01,29206,293,0,0
02/26/2011,0.001,1587,2,0,0
02/26/2011,0.005,1587,8,0,0
02/26/2011,0.01,1587,16,0,0
02/27/2011,0.001,1397,2,0,0
02/27/2011,0.005,1397,7,0,0
02/27/2011,0.01,1397,14,0,0
02/28/2011,0.001,29244,30,0,0
02/28/2011,0.005,29244,147,0,0
02/28/2011,0.01,29244,293,0,0
03/01/2011,0.001,29241,30,0,0
03/01/2011,0.005,29241,147,0,0
03/01/2011,0.01,29241,293,0,0
03/02/2011,0.001,29187,30,0,0
03/02/2011,0.005,29187,146,0,0
03/02/2011,0.01,29187,292,0,0
03/03/2011,0.001,29161,30,0,0
03/03/2011,0.005,29161,146,0,0
03/03/2011,0.01,29161,292,0,0
03/04/2011,0.001,29152,30,0,0
03/04/2011,0.005,29152,146,0,0
03/04/2011,0.01,29152,292,0,0
03/05/2011,0.001,1500,2,0,0
03/05/2011,0.005,1500,8,0,0
03/05/2011,0.01,1500,15,0,0
03/06/2011,0.001,1481,2,0,0
03/06/2011,0.005,1481,8,0,0
03/06/2011,0.01,1481,15,0,0
03/07/2011,0.001,29417,30,0,0
03/07/2011,0.005,29417,148,0,0
03/07/2011,0.01,29417,295,0,0
03/08/2011,0.001,29120,30,0,0
03/08/2011,0.005,29120,146,0,0
03/08/2011,0.01,29120,292,0,0
03/09/2011,0.001,29298,30,0,0
03/09/2011,0.005,29298,147,0,0
03/09/2011,0.01,29298,293,0,0
03/10/2011,0.001,29178,30,0,0
03/10/2011,0.005,29178,146,0,0
03/10/2011,0.01,29178,292,0,0
03/11/2011,0.001,29131,30,0,0
03/11/2011,0.005,29131,146,0,0
03/11/2011,0.01,29131,292,0,0
03/12/2011,0.001,1381,2,0,0
03/12/2011,0.005,1381,7,0,0
03/12/2011,0.01,1381,14,0,0
03/13/2011,0.001,1384,2,0,0
03/13/2011,0.005,1384,7,0,0
03/13/2011,0.01,1384,14,0,0
03/14/2011,0.001,29189,30,0,0
03/14/2011,0.005,29189,146,0,0
03/14/2011,0.01,29189,292,0,0
03/15/2011,0.001,29118,30,0,0
03/15/2011,0.005,29118,146,0,0
03/15/2011,0.01,29118,292,0,0
03/16/2011,0.001,29243,30,0,1
03/16/2011,0.005,29243,147,0,1
03/16/2011,0.01,29243,293,0,1
03/17/2011,0.001,29248,30,0,3
03/17/2011,0.005,29248,147,2,3
03/17/2011,0.01,29248,293,2,3
03/18/2011,0.001,29196,30,0,0
03/18/2011,0.005,29196,146,0,0
03/18/2011,0.01,29196,292,0,0
03/19/2011,0.001,1516,2,0,0
03/19/2011,0.005,1516,8,0,0
03/19/2011,0.01,1516,16,0,0
03/20/2011,0.001,1558,2,0,0
03/20/2011,0.005,1558,8,0,0
03/20/2011,0.01,1558,16,0,0
03/21/2011,0.001,29083,30,0,0
03/21/2011,0.005,29083,146,0,0
03/21/2011,0.01,29083,291,0,0
03/22/2011,0.001,29163,30,0,13
03/22/2011,0.005,29163,146,5,13
03/22/2011,0.01,29163,292,7,13
03/23/2011,0.001,29091,30,0,0
03/23/2011,0.005,29091,146,0,0
03/23/2011,0.01,29091,291,0,0
03/24/2011,0.001,29118,30,0,0
03/24/2011,0.005,29118,146,0,0
03/24/2011,0.01,29118,292,0,0
03/25/2011,0.001,29088,30,0,0
03/25/2011,0.005,29088,146,0,0
03/25/2011,0.01,29088,291,0,0
03/26/2011,0.001,1320,2,0,0
03/26/2011,0.005,1320,7,0,0
03/26/2011,0.01,1320,14,0,0
03/27/2011,0.001,1357,2,0,0
03/27/2011,0.005,1357,7,0,0
03/27/2011,0.01,1357,14,0,0
03/28/2011,0.001,29103,30,0,0
03/28/2011,0.005,29103,146,0,0
03/28/2011,0.01,29103,292,0,0
03/29/2011,0.001,29225,30,2,6
03/29/2011,0.005,29225,147,6,6
03/29/2011,0.01,29225,293,6,6
03/30/2011,0.001,29021,30,0,0
03/30/2011,0.005,29021,146,0,0
03/30/2011,0.01,29021,291,0,0
03/31/2011,0.001,29172,30,0,0
03/31/2011,0.005,29172,146,0,0
03/31/2011,0.01,29172,292,0,0
04/01/2011,0.001,29168,30,0,0
04/01/2011,0.005,29168,146,0,0
04/01/2011,0.01,29168,292,0,0
04/02/2011,0.001,1415,2,0,0
04/02/2011,0.005,1415,8,0,0
04/02/2011,0.01,1415,15,0,0
04/03/2011,0.001,1365,2,0,0
04/03/2011,0.005,1365,7,0,0
04/03/2011,0.01,1365,14,0,0
04/04/2011,0.001,29156,30,0,0
04/04/2011,0.005,29156,146,0,0
04/04/2011,0.01,29156,292,0,0
04/05/2011,0.001,29059,30,0,0
04/05/2011,0.005,29059,146,0,0
04/05/2011,0.01,29059,291,0,0
04/06/2011,0.001,29072,30,0,2
04/06/2011,0.005,29072,146,0,2
04/06/2011,0.01,29072,291,0,2
04/07/2011,0.001,29134,30,0,4
04/07/2011,0.005,29134,146,0,4
04/07/2011,0.01,29134,292,0,4
04/08/2011,0.001,28985,29,0,0
04/08/2011,0.005,28985,145,0,0
04/08/2011,0.01,28985,290,0,0
04/09/2011,0.001,1303,2,0,0
04/09/2011,0.005,1303,7,0,0
04/09/2011,0.01,1303,14,0,0
04/10/2011,0.001,1337,2,0,0
04/10/2011,0.005,1337,7,0,0
04/10/2011,0.01,1337,14,0,0
04/11/2011,0.001,29020,30,0,17
04/11/2011,0.005,29020,146,13,17
04/11/2011,0.01,29020,291,16,17
04/12/2011,0.001,28945,29,0,0
04/12/2011,0.005,28945,145,0,0
04/12/2011,0.01,28945,290,0,0
04/13/2011,0.001,29002,30,0,0
04/13/2011,0.005,29002,146,0,0
04/13/2011,0.01,29002,291,0,0
04/14/2011,0.001,29084,30,0,0
04/14/2011,0.005,29084,146,0,0
04/14/2011,0.01,29084,291,0,0
04/15/2011,0.001,29041,30,0,5
04/15/2011,0.005,29041,146,0,5
04/15/2011,0.01,29041,291,0,5
04/16/2011,0.001,1352,2,0,0
04/16/2011,0.005,1352,7,0,0
04/16/2011,0.01,1352,14,0,0
04/17/2011,0.001,1419,2,0,0
04/17/2011,0.005,1419,8,0,0
04/17/2011,0.01,1419,15,0,0
04/18/2011,0.001,29201,30,0,0
04/18/2011,0.005,29201,147,0,0
04/18/2011,0.01,29201,293,0,0
04/19/2011,0.001,28942,29,0,0
04/19/2011,0.005,28942,145,0,0
04/19/2011,0.01,28942,290,0,0
04/20/2011,0.001,28997,29,0,0
04/20/2011,0.005,28997,145,0,0
04/20/2011,0.01,28997,290,0,0
04/21/2011,0.001,28944,29,0,0
04/21/2011,0.005,28944,145,0,0
04/21/2011,0.01,28944,290,0,0
04/22/2011,0.001,1218,2,0,0
04/22/2011,0.005,1218,7,0,0
04/22/2011,0.01,1218,13,0,0
04/23/2011,0.001,1423,2,0,0
04/23/2011,0.005,1423,8,0,0
04/23/2011,0.01,1423,15,0,0
04/24/2011,0.001,1354,2,0,0
04/24/2011,0.005,1354,7,0,0
04/24/2011,0.01,1354,14,0,0
04/25/2011,0.001,28972,29,0,17
04/25/2011,0.005,28972,145,0,17
04/25/2011,0.01,28972,290,0,17
04/26/2011,0.001,29060,30,0,0
04/26/2011,0.005,29060,146,0,0
04/26/2011,0.01,29060,291,0,0
04/27/2011,0.001,28909,29,0,0
04/27/2011,0.005,28909,145,0,0
04/27/2011,0.01,28909,290,0,0
04/28/2011,0.001,28872,29,0,0
04/28/2011,0.005,28872,145,0,0
04/28/2011,0.01,28872,289,0,0
04/29/2011,0.001,28974,29,0,0
04/29/2011,0.005,28974,145,0,0
04/29/2011,0.01,28974,290,0,0
04/30/2011,0.001,1215,2,0,0
04/30/2011,0.005,1215,7,0,0
04/30/2011,0.01,1215,13,0,0
05/01/2011,0.001,1319,2,0,0
05/01/2011,0.005,1319,7,0,0
05/01/2011,0.01,1319,14,0,0
05/02/2011,0.001,28937,29,0,0
05/02/2011,0.005,28937,145,0,0
05/02/2011,0.01,28937,290,0,0
05/03/2011,0.001,28839,29,0,0
05/03/2011,0.005,28839,145,0,0
05/03/2011,0.01,28839,289,0,0
05/04/2011,0.001,28916,29,0,0
05/04/2011,0.005,28916,145,0,0
05/04/2011,0.01,28916,290,0,0
05/05/2011,0.001,28789,29,0,0
05/05/2011,0.005,28789,144,0,0
05/05/2011,0.01,28789,288,0,0
05/06/2011,0.001,28905,29,0,0
05/06/2011,0.005,28905,145,0,0
05/06/2011,0.01,28905,290,0,0
05/07/2011,0.001,1416,2,0,0
05/07/2011,0.005,1416,8,0,0
05/07/2011,0.01,1416,15,0,0
05/08/2011,0.001,1374,2,0,0
05/08/2011,0.005,1374,7,0,0
05/08/2011,0.01,1374,14,0,0
05/09/2011,0.001,28936,29,0,0
05/09/2011,0.005,28936,145,0,0
05/09/2011,0.01,28936,290,0,0
05/10/2011,0.001,28929,29,0,0
05/10/2011,0.005,28929,145,0,0
05/10/2011,0.01,28929,290,0,0
05/11/2011,0.001,28907,29,0,0
05/11/2011,0.005,28907,145,0,0
05/11/2011,0.01,28907,290,0,0
05/12/2011,0.001,28811,29,0,0
05/12/2011,0.005,28811,145,0,0
05/12/2011,0.01,28811,289,0,0
05/13/2011,0.001,28922,29,0,0
05/13/2011,0.005,28922,145,0,0
05/13/2011,0.01,28922,290,0,0
05/14/2011,0.001,1399,2,0,0
05/14/2011,0.005,1399,7,0,0
05/14/2011,0.01,1399,14,0,0
05/15/2011,0.001,1370,2,0,0
05/15/2011,0.005,1370,7,0,0
05/15/2011,0.01,1370,14,0,0
05/16/2011,0.001,28799,29,0,0
05/16/2011,0.005,28799,144,0,0
05/16/2011,0.01,28799,288,0,0
05/17/2011,0.001,28864,29,0,0
05/17/2011,0.005,28864,145,0,0
05/17/2011,0.01,28864,289,0,0
05/18/2011,0.001,28838,29,0,0
05/18/2011,0.005,28838,145,0,0
05/18/2011,0.01,28838,289,0,0
05/19/2011,0.001,28773,29,0,0
05/19/2011,0.005,28773,144,0,0
05/19/2011,0.01,28773,288,0,0
05/20/2011,0.001,28735,29,0,0
05/20/2011,0.005,28735,144,0,0
05/20/2011,0.01,28735,288,0,0
05/21/2011,0.001,1352,2,0,0
05/21/2011,0.005,1352,7,0,0
05/21/2011,0.01,1352,14,0,0
05/22/2011,0.001,1425,2,0,0
05/22/2011,0.005,1425,8,0,0
05/22/2011,0.01,1425,15,0,0
05/23/2011,0.001,28834,29,0,0
05/23/2011,0.005,28834,145,0,0
05/23/2011,0.01,28834,289,0,0
05/24/2011,0.001,28735,29,0,0
05/24/2011,0.005,28735,144,0,0
05/24/2011,0.01,28735,288,0,0
05/25/2011,0.001,28850,29,0,0
05/25/2011,0.005,28850,145,0,0
05/25/2011,0.01,28850,289,0,0
05/26/2011,0.001,28691,29,0,0
05/26/2011,0.005,28691,144,0,0
05/26/2011,0.01,28691,287,0,0
05/27/2011,0.001,28852,29,0,0
05/27/2011,0.005,28852,145,0,0
05/27/2011,0.01,28852,289,0,0
05/28/2011,0.001,1342,2,0,0
05/28/2011,0.005,1342,7,0,0
05/28/2011,0.01,1342,14,0,0
05/29/2011,0.001,1436,2,0,0
05/29/2011,0.005,1436,8,0,0
05/29/2011,0.01,1436,15,0,0
05/30/2011,0.001,1379,2,0,0
05/30/2011,0.005,1379,7,0,0
05/30/2011,0.01,1379,14,0,0
05/31/2011,0.001,28835,29,0,0
05/31/2011,0.005,28835,145,0,0
05/31/2011,0.01,28835,289,0,0
